{
"features": [
  {
    "type": "Feature",
    "properties": {
      "name": "Rua das Juntas Provisórias",
      "id": "way/4331570",
      "type": "Ciclofaixa"
    },
    "geometry": {
      "type": "LineString",
      "coordinates": [
        [
          -46.5993709,
          -23.6024512
        ],
        [
          -46.5993227,
          -23.6023959
        ],
        [
          -46.5990883,
          -23.6021271
        ]
      ]
    }
  },
  {
    "type": "Feature",
    "properties": {
      "name": "Avenida Rebouças",
      "id": "way/4534456",
      "type": "Ciclofaixa"
    },
    "geometry": {
      "type": "LineString",
      "coordinates": [
        [
          -46.6659535,
          -23.557073
        ],
        [
          -46.665513,
          -23.5568356
        ],
        [
          -46.665394,
          -23.5567825
        ],
        [
          -46.6653226,
          -23.556756
        ],
        [
          -46.6651838,
          -23.5567172
        ],
        [
          -46.6644781,
          -23.5565416
        ]
      ]
    }
  },
  {
    "type": "Feature",
    "properties": {
      "name": "Avenida Carlos Caldeira Filho",
      "id": "way/4559114",
      "type": "Ciclofaixa"
    },
    "geometry": {
      "type": "LineString",
      "coordinates": [
        [
          -46.7690687,
          -23.6601954
        ],
        [
          -46.7690088,
          -23.6600399
        ]
      ]
    }
  },
  {
    "type": "Feature",
    "properties": {
      "name": "Avenida Guido Caloi",
      "id": "way/4708402",
      "type": "Ciclofaixa"
    },
    "geometry": {
      "type": "LineString",
      "coordinates": [
        [
          -46.7244458,
          -23.6565547
        ],
        [
          -46.7244645,
          -23.656624
        ]
      ]
    }
  },
  {
    "type": "Feature",
    "properties": {
      "name": "Avenida Deputado Jacob Salvador Zveibil",
      "id": "way/4769664",
      "type": "Ciclofaixa"
    },
    "geometry": {
      "type": "LineString",
      "coordinates": [
        [
          -46.725111,
          -23.5828478
        ],
        [
          -46.7249038,
          -23.5830567
        ],
        [
          -46.7243607,
          -23.5836498
        ],
        [
          -46.724244,
          -23.5838095
        ],
        [
          -46.7242058,
          -23.5838759
        ],
        [
          -46.7241816,
          -23.583957
        ],
        [
          -46.7241769,
          -23.5840597
        ],
        [
          -46.724189,
          -23.5841457
        ],
        [
          -46.7242013,
          -23.5841971
        ]
      ]
    }
  },
  {
    "type": "Feature",
    "properties": {
      "name": "Avenida Dona Helena Pereira de Moraes",
      "id": "way/4806126",
      "type": "Ciclofaixa"
    },
    "geometry": {
      "type": "LineString",
      "coordinates": [
        [
          -46.7271178,
          -23.6348098
        ],
        [
          -46.7272829,
          -23.6347166
        ]
      ]
    }
  },
  {
    "type": "Feature",
    "properties": {
      "name": "Rua Itapaiúna",
      "id": "way/4806302",
      "type": "Ciclofaixa"
    },
    "geometry": {
      "type": "LineString",
      "coordinates": [
        [
          -46.7270405,
          -23.6363718
        ],
        [
          -46.7270744,
          -23.636111
        ],
        [
          -46.7270811,
          -23.6359378
        ],
        [
          -46.7270784,
          -23.635794
        ],
        [
          -46.7270476,
          -23.6355938
        ],
        [
          -46.7270045,
          -23.6353531
        ],
        [
          -46.7269973,
          -23.6352836
        ]
      ]
    }
  },
  {
    "type": "Feature",
    "properties": {
      "name": "Rua Itapaiúna",
      "id": "way/4806320",
      "type": "Ciclofaixa"
    },
    "geometry": {
      "type": "LineString",
      "coordinates": [
        [
          -46.727002,
          -23.6349555
        ],
        [
          -46.7270449,
          -23.6348922
        ],
        [
          -46.7271178,
          -23.6348098
        ]
      ]
    }
  },
  {
    "type": "Feature",
    "properties": {
      "name": "Rua Itapaiúna",
      "id": "way/4806376",
      "type": "Ciclofaixa"
    },
    "geometry": {
      "type": "LineString",
      "coordinates": [
        [
          -46.7278378,
          -23.631559
        ],
        [
          -46.7277724,
          -23.6319464
        ],
        [
          -46.7277512,
          -23.6320379
        ],
        [
          -46.7276868,
          -23.6324437
        ],
        [
          -46.7276776,
          -23.6328132
        ],
        [
          -46.7276709,
          -23.6330862
        ],
        [
          -46.7276698,
          -23.6331299
        ]
      ]
    }
  },
  {
    "type": "Feature",
    "properties": {
      "name": "Rua Itapaiúna",
      "id": "way/4806411",
      "type": "Ciclofaixa"
    },
    "geometry": {
      "type": "LineString",
      "coordinates": [
        [
          -46.7274274,
          -23.6340049
        ],
        [
          -46.7274854,
          -23.6336133
        ],
        [
          -46.7275176,
          -23.6333061
        ],
        [
          -46.7275292,
          -23.6331458
        ]
      ]
    }
  },
  {
    "type": "Feature",
    "properties": {
      "name": "Avenida Hebe Camargo",
      "id": "way/4809057",
      "type": "Ciclofaixa"
    },
    "geometry": {
      "type": "LineString",
      "coordinates": [
        [
          -46.7277478,
          -23.6311224
        ],
        [
          -46.7277654,
          -23.6309797
        ],
        [
          -46.7277852,
          -23.6307266
        ]
      ]
    }
  },
  {
    "type": "Feature",
    "properties": {
      "name": "Rua José Coimbra",
      "id": "way/4877428",
      "type": "Ciclofaixa"
    },
    "geometry": {
      "type": "LineString",
      "coordinates": [
        [
          -46.7401128,
          -23.6221206
        ],
        [
          -46.740136,
          -23.6223667
        ],
        [
          -46.7401583,
          -23.6225228
        ],
        [
          -46.7401812,
          -23.6227016
        ],
        [
          -46.7401944,
          -23.6227916
        ]
      ]
    }
  },
  {
    "type": "Feature",
    "properties": {
      "name": "Rua José da Silva Ribeiro",
      "id": "way/4877435",
      "type": "Ciclofaixa"
    },
    "geometry": {
      "type": "LineString",
      "coordinates": [
        [
          -46.7439967,
          -23.6282182
        ],
        [
          -46.7440423,
          -23.6281211
        ],
        [
          -46.7441087,
          -23.6279799
        ],
        [
          -46.7441461,
          -23.6279002
        ],
        [
          -46.7441845,
          -23.6277677
        ],
        [
          -46.7441976,
          -23.627621
        ],
        [
          -46.7442144,
          -23.627498
        ],
        [
          -46.7441922,
          -23.6273189
        ],
        [
          -46.7440997,
          -23.6271002
        ],
        [
          -46.743971,
          -23.6269073
        ],
        [
          -46.7437792,
          -23.6267303
        ],
        [
          -46.743397,
          -23.6263826
        ],
        [
          -46.7429477,
          -23.6260336
        ],
        [
          -46.7428243,
          -23.6259378
        ],
        [
          -46.7427063,
          -23.625842
        ],
        [
          -46.7426251,
          -23.6257729
        ],
        [
          -46.7424247,
          -23.6256024
        ],
        [
          -46.7422369,
          -23.6254635
        ],
        [
          -46.7420197,
          -23.6253628
        ],
        [
          -46.741856,
          -23.6253247
        ],
        [
          -46.7417708,
          -23.6253182
        ],
        [
          -46.7414948,
          -23.6253008
        ]
      ]
    }
  },
  {
    "type": "Feature",
    "properties": {
      "name": "Rua Nélson Gama de Oliveira",
      "id": "way/4877439",
      "type": "Ciclofaixa"
    },
    "geometry": {
      "type": "LineString",
      "coordinates": [
        [
          -46.7380401,
          -23.6304237
        ],
        [
          -46.7377035,
          -23.6307354
        ],
        [
          -46.7372572,
          -23.631134
        ],
        [
          -46.7369909,
          -23.6313718
        ]
      ]
    }
  }
  ]
}
